position,consensus_aas,frequencies,occupancy,region
1,A,1.000,1.000,FR1
2,Q,1.000,1.000,FR1
3,K,1.000,1.000,FR1
4,V,1.000,1.000,FR1
5,T,1.000,1.000,FR1
6,Q,1.000,1.000,FR1
7,A,1.000,1.000,FR1
8,Q,1.000,1.000,FR1
9,S,1.000,1.000,FR1
10,S,1.000,1.000,FR1
11,V,1.000,1.000,FR1
12,S,1.000,1.000,FR1
13,M,1.000,1.000,FR1
14,P,1.000,1.000,FR1
15,V,1.000,1.000,FR1
16,R,1.000,1.000,FR1
17,K,1.000,1.000,FR1
18,A,1.000,1.000,FR1
19,V,1.000,1.000,FR1
20,T,1.000,1.000,FR1
21,L,1.000,1.000,FR1
22,N,1.000,1.000,FR1
23,C,1.000,1.000,FR1
24,L,1.000,1.000,FR1
25,Y,1.000,1.000,FR1
26,E,1.000,1.000,FR1
27,T,1.000,1.000,CDR1
28,S,1.000,1.000,CDR1
29,W,1.000,1.000,CDR1
30,W,1.000,1.000,CDR1
31,-,1.000,0.000,CDR1
32,-,1.000,0.000,CDR1
33,-,1.000,0.000,CDR1
34,-,1.000,0.000,CDR1
35,-,1.000,0.000,CDR1
36,S,1.000,1.000,CDR1
37,Y,1.000,1.000,CDR1
38,Y,1.000,1.000,CDR1
39,I,1.000,1.000,FR2
40,F,1.000,1.000,FR2
41,W,1.000,1.000,FR2
42,Y,1.000,1.000,FR2
43,K,1.000,1.000,FR2
44,Q,1.000,1.000,FR2
45,L,1.000,1.000,FR2
46,P,1.000,1.000,FR2
47,S,1.000,1.000,FR2
48,K,1.000,1.000,FR2
49,E,1.000,1.000,FR2
50,M,1.000,1.000,FR2
51,I,1.000,1.000,FR2
52,F,1.000,1.000,FR2
53,L,1.000,1.000,FR2
54,I,1.000,1.000,FR2
55,R,1.000,1.000,FR2
56,Q,1.000,1.000,CDR2
57,G,1.000,1.000,CDR2
58,S,1.000,1.000,CDR2
59,D,1.000,1.000,CDR2
60,-,1.000,0.000,CDR2
61,-,1.000,0.000,CDR2
62,-,1.000,0.000,CDR2
63,E,1.000,1.000,CDR2
64,Q,1.000,1.000,CDR2
65,N,1.000,1.000,CDR2
66,A,1.000,1.000,FR3
67,K,1.000,1.000,FR3
68,S,1.000,1.000,FR3
69,-,1.000,0.000,FR3
70,-,1.000,0.000,FR3
71,-,1.000,0.000,FR3
72,-,1.000,0.000,FR3
73,-,1.000,0.000,FR3
74,G,1.000,1.000,FR3
75,R,1.000,1.000,FR3
76,Y,1.000,1.000,FR3
77,S,1.000,1.000,FR3
78,V,1.000,1.000,FR3
79,N,1.000,1.000,FR3
80,F,1.000,1.000,FR3
81,K,1.000,1.000,FR3
82,K,1.000,1.000,FR3
83,A,1.000,1.000,FR3
84,A,1.000,1.000,FR3
85,K,1.000,1.000,FR3
86,S,1.000,1.000,FR3
87,V,1.000,1.000,FR3
88,A,1.000,1.000,FR3
89,L,1.000,1.000,FR3
90,T,1.000,1.000,FR3
91,I,1.000,1.000,FR3
92,S,1.000,1.000,FR3
93,A,1.000,1.000,FR3
94,L,1.000,1.000,FR3
95,Q,1.000,1.000,FR3
96,L,1.000,1.000,FR3
97,E,1.000,1.000,FR3
98,D,1.000,1.000,FR3
99,S,1.000,1.000,FR3
100,A,1.000,1.000,FR3
101,K,1.000,1.000,FR3
102,Y,1.000,1.000,FR3
103,F,1.000,1.000,FR3
104,C,1.000,1.000,FR3
105,A,1.000,1.000,CDR3
106,L,1.000,1.000,CDR3
107,G,1.000,1.000,CDR3
108,E|N|D|V,0.565|0.174|0.130|0.130,1.000,CDR3
109,L|P|G|T,0.522|0.174|0.130|0.087,1.000,CDR3
110,G|-|A|R,0.261|0.261|0.174|0.174,0.739,CDR3
111,-|G|R,0.565|0.174|0.087,0.435,CDR3
112,-|W|G|F|L|D,0.391|0.174|0.130|0.087|0.087|0.087,0.609,CDR3
113,T|P|Y|A|-,0.435|0.174|0.130|0.130|0.087,0.913,CDR3
114,D|Q|G|T,0.522|0.217|0.130|0.087,1.000,CDR3
115,K|R,0.870|0.087,1.000,CDR3
116,L|V,0.826|0.174,1.000,CDR3
117,I|T|V,0.652|0.217|0.130,1.000,CDR3
118,F,1.000,1.000,FR4
119,G,1.000,1.000,FR4
120,K|Q|T,0.652|0.261|0.087,1.000,FR4
121,G,1.000,1.000,FR4
122,T,1.000,1.000,FR4
123,R|I|K,0.783|0.130|0.087,1.000,FR4
124,V|L,0.652|0.348,1.000,FR4
125,T|Q,0.913|0.087,1.000,FR4
126,V|I,0.826|0.130,1.000,FR4
127,E|H|N|I,0.609|0.130|0.130|0.087,1.000,FR4
128,P,0.913,1.000,FR4
