position	consensus_aas	frequencies	occupancy	region
1	A	1.000	0.160	FR1
2	G	1.000	0.200	FR1
3	H	1.000	0.240	FR1
4	L	1.000	0.240	FR1
5	E	1.000	0.240	FR1
6	Q,G	0.667,0.333	0.360	FR1
7	R,P,G	0.467,0.400,0.133	0.600	FR1
8	T,Q	0.727,0.273	0.880	FR1
9	K,I	0.760,0.240	1.000	FR1
10	S	1.000	1.000	FR1
11	V,S	0.760,0.240	1.000	FR1
12	T,I	0.720,0.280	1.000	FR1
13	R,K	0.760,0.240	1.000	FR1
14	P,Q,T	0.480,0.280,0.240	1.000	FR1
15	T,L	0.760,0.240	1.000	FR1
16	G,R,S	0.480,0.280,0.240	1.000	FR1
17	S,K	0.760,0.240	1.000	FR1
18	S,T	0.760,0.240	1.000	FR1
19	A	1.000	1.000	FR1
20	E,R,V	0.560,0.240,0.200	1.000	FR1
21	I,L	0.760,0.240	1.000	FR1
22	T,E	0.760,0.240	1.000	FR1
23	C	1.000	1.000	FR1
24	D,V	0.760,0.240	1.000	FR1
25	L,V	0.760,0.240	1.000	FR1
26	T,A,S,P	0.280,0.280,0.240,0.200	1.000	FR1
27	V,E,G	0.440,0.280,0.240	1.000	CDR1
28	I,G,E	0.520,0.240,0.160	1.000	CDR1
29	N,T,S	0.478,0.261,0.217	0.920	CDR1
30	I	1.000	0.240	CDR1
35	S	1.000	0.240	CDR1
36	A,T	0.773,0.227	0.880	CDR1
37	F,G,T,V	0.280,0.280,0.240,0.200	1.000	CDR1
38	Y,S	0.760,0.240	1.000	CDR1
39	I,V,T	0.560,0.240,0.200	1.000	FR2
40	H,Y	0.760,0.240	1.000	FR2
41	W	1.000	1.000	FR2
42	Y	1.000	1.000	FR2
43	L,R	0.760,0.240	1.000	FR2
44	H,E	0.760,0.240	1.000	FR2
45	Q,R	0.760,0.240	1.000	FR2
46	E,P	0.760,0.240	1.000	FR2
47	G	1.000	1.000	FR2
48	K,E	0.760,0.240	1.000	FR2
49	A,V	0.760,0.240	1.000	FR2
50	P,I	0.760,0.240	1.000	FR2
51	Q	1.000	1.000	FR2
52	R,F	0.760,0.240	1.000	FR2
53	L	1.000	1.000	FR2
54	L,V	0.760,0.240	1.000	FR2
55	Y,S	0.760,0.240	1.000	FR2
56	Y,I	0.760,0.240	1.000	CDR2
57	D,S	0.760,0.240	1.000	CDR2
58	S,V,Y	0.480,0.280,0.240	1.000	CDR2
59	Y,S,D	0.480,0.280,0.240	1.000	CDR2
62	N,T	0.632,0.368	0.760	CDR2
63	S,G	0.760,0.240	1.000	CDR2
64	K,S,T,R	0.280,0.280,0.240,0.200	1.000	CDR2
65	V,D	0.720,0.280	1.000	CDR2
66	V,R	0.760,0.240	1.000	FR3
67	L,K	0.760,0.240	1.000	FR3
68	E	1.000	1.000	FR3
69	S	1.000	1.000	FR3
70	G	1.000	1.000	FR3
71	I,L	0.720,0.280	1.000	FR3
72	S,P	0.760,0.240	1.000	FR3
73	P,S,R	0.560,0.240,0.200	1.000	FR3
74	G,E	0.800,0.200	1.000	FR3
75	K	1.000	1.000	FR3
76	Y,F	0.760,0.240	1.000	FR3
77	Y,D,E,H	0.280,0.280,0.240,0.200	1.000	FR3
78	T,V	0.760,0.240	1.000	FR3
79	Y,H,D	0.480,0.280,0.240	1.000	FR3
80	T,G,R,A	0.280,0.280,0.240,0.200	1.000	FR3
81	S,P,I	0.480,0.280,0.240	1.000	FR3
82	P	1.000	0.240	FR3
83	T,R,E	0.458,0.292,0.250	0.960	FR3
84	R,T,G	0.542,0.250,0.208	0.960	FR3
85	K,W,S	0.458,0.292,0.250	0.960	FR3
86	S,N,T	0.480,0.280,0.240	1.000	FR3
87	L,W,S	0.480,0.280,0.240	1.000	FR3
88	I,R,T,K	0.280,0.280,0.240,0.200	1.000	FR3
89	L,M,F	0.520,0.280,0.200	1.000	FR3
90	I,T	0.760,0.240	1.000	FR3
91	L,I	0.760,0.240	1.000	FR3
92	R,H,E	0.560,0.240,0.200	1.000	FR3
93	N	1.000	1.000	FR3
94	L,V	0.760,0.240	1.000	FR3
95	I,E	0.760,0.240	1.000	FR3
96	E,K	0.760,0.240	1.000	FR3
97	N,Q,R	0.560,0.240,0.200	1.000	FR3
98	D	1.000	1.000	FR3
99	S,I	0.760,0.240	1.000	FR3
100	G,A	0.760,0.240	1.000	FR3
101	V,T	0.760,0.240	1.000	FR3
102	Y	1.000	1.000	FR3
103	Y	1.000	1.000	FR3
104	C	1.000	1.000	FR3
105	A	1.000	1.000	CDR3
106	T,L	0.760,0.240	1.000	CDR3
107	W	1.000	1.000	CDR3
108	D,E	0.760,0.200	1.000	CDR3
109	A,R,G,E,S	0.294,0.235,0.235,0.176,0.059	0.680	CDR3
110	Q,D,K,G,S	0.357,0.286,0.214,0.071,0.071	0.560	CDR3
111	Q,N	0.833,0.167	0.240	CDR3
112	L,K	0.833,0.167	0.240	CDR3
113	Y,K,N,D	0.562,0.312,0.062,0.062	0.640	CDR3
114	Y,K	0.720,0.200	1.000	CDR3
115	K,I	0.760,0.240	1.000	CDR3
116	K	1.000	1.000	CDR3
117	L,V	0.760,0.200	1.000	CDR3
118	F	1.000	1.000	FR4
119	G	0.960	1.000	FR4
120	S,P	0.760,0.200	1.000	FR4
121	G	1.000	1.000	FR4
122	T	1.000	1.000	FR4
123	T,K	0.680,0.280	1.000	FR4
124	L	1.000	1.000	FR4
125	V,I	0.680,0.320	1.000	FR4
126	V,I	0.720,0.280	1.000	FR4
127	T	1.000	1.000	FR4
128	D,E	0.560,0.400	1.000	FR4
